{"id": "e3zj-s4zh", "name": "Seattle Crime Stats by 1990 Census Tract 1996-2007", "attribution": "City of Seattle", "averageRating": 0, "category": "Public Safety", "createdAt": 1259006839, "description": "Violent Part 1 crime statistics by 1990 census tract.", "displayType": "table", "downloadCount": 3447, "hideFromCatalog": false, "hideFromDataJson": false, "indexUpdatedAt": 1546533256, "licenseId": "PUBLIC_DOMAIN", "newBackend": true, "numberOfComments": 0, "oid": 295433, "provenance": "official", "publicationAppendEnabled": false, "publicationDate": 1302998589, "publicationGroup": 214849, "publicationStage": "published", "rowClass": "", "rowsUpdatedAt": 1313894894, "rowsUpdatedBy": "pfbu-yuv5", "tableId": 214849, "totalTimesRated": 0, "viewCount": 11789, "viewLastModified": 1557955105, "viewType": "tabular", "approvals": [{"reviewedAt": 1302998589, "reviewedAutomatically": true, "state": "approved", "submissionId": 330056, "submissionObject": "public_audience_request", "submissionOutcome": "change_audience", "submittedAt": 1302998589, "workflowId": 623, "submissionDetails": {"permissionType": "READ"}, "submissionOutcomeApplication": {"failureCount": 0, "status": "success"}, "submitter": {"id": "pfbu-yuv5", "displayName": "Seattle IT"}}], "columns": [{"id": 2336262, "name": "Report_Year", "dataTypeName": "number", "description": "Reporting Year", "fieldName": "report_year", "position": 1, "renderTypeName": "number", "tableColumnId": 1280796, "width": 118, "cachedContents": {"non_null": 14268, "average": "2001.327586206897", "largest": "2007", "null": 0, "top": [{"item": "2002", "count": 1230}, {"item": "2005", "count": 1230}, {"item": "1997", "count": 1230}, {"item": "2000", "count": 1230}, {"item": "2003", "count": 1230}, {"item": "1999", "count": 1230}, {"item": "2004", "count": 1230}, {"item": "1998", "count": 1230}, {"item": "1996", "count": 1230}, {"item": "2001", "count": 1230}, {"item": "2007", "count": 984}, {"item": "2006", "count": 984}], "smallest": "1996", "sum": "28554942"}, "format": {"precisionStyle": "standard", "aggregate": "sum"}}, {"id": 2336263, "name": "Census_Tract_1990", "dataTypeName": "number", "description": "The 1990 census tract the reported crimes occurred in", "fieldName": "census_tract_1990", "position": 2, "renderTypeName": "number", "tableColumnId": 1280797, "width": 150, "cachedContents": {"non_null": 14236, "average": "60.95512784490025", "largest": "121", "null": 32, "top": [{"item": "70", "count": 116}, {"item": "32", "count": 116}, {"item": "2", "count": 116}, {"item": "11", "count": 116}, {"item": "40.98", "count": 116}, {"item": "1", "count": 116}, {"item": "35", "count": 116}, {"item": "103", "count": 116}, {"item": "95", "count": 116}, {"item": "116", "count": 116}, {"item": "4", "count": 116}, {"item": "22", "count": 116}, {"item": "106", "count": 116}, {"item": "113", "count": 116}, {"item": "21", "count": 116}, {"item": "75", "count": 116}, {"item": "117", "count": 116}, {"item": "44", "count": 116}, {"item": "112", "count": 116}, {"item": "9", "count": 116}], "smallest": "1", "sum": "867757.20"}, "format": {"precisionStyle": "standard"}}, {"id": 2336264, "name": "Crime_Type", "dataTypeName": "text", "description": "Type of crime", "fieldName": "crime_type", "position": 4, "renderTypeName": "text", "tableColumnId": 1280798, "width": 190, "cachedContents": {"non_null": 14268, "largest": "Violent Crimes Total", "null": 0, "top": [{"item": "Homicide", "count": 1476}, {"item": "Aggravated Assault", "count": 1476}, {"item": "Theft", "count": 1476}, {"item": "Vehicle Theft", "count": 1476}, {"item": "NonResidential Burglary", "count": 1476}, {"item": "Residential Burglary", "count": 1476}, {"item": "Robbery", "count": 1476}, {"item": "Rape", "count": 1476}, {"item": "Property Crimes Total", "count": 1230}, {"item": "Violent Crimes Total", "count": 1230}], "smallest": "Aggravated Assault"}, "format": {}}, {"id": 2336265, "name": "Report_Year_Total", "dataTypeName": "number", "description": "Total number of crimes reported", "fieldName": "report_year_total", "position": 5, "renderTypeName": "number", "tableColumnId": 1280799, "width": 164, "cachedContents": {"non_null": 14268, "average": "75.13708999158957", "largest": "4372", "null": 0, "top": [{"item": "0", "count": 2155}, {"item": "1", "count": 883}, {"item": "2", "count": 535}, {"item": "3", "count": 436}, {"item": "4", "count": 374}, {"item": "5", "count": 352}, {"item": "7", "count": 255}, {"item": "6", "count": 253}, {"item": "8", "count": 221}, {"item": "9", "count": 213}, {"item": "12", "count": 202}, {"item": "10", "count": 184}, {"item": "11", "count": 178}, {"item": "16", "count": 174}, {"item": "14", "count": 160}, {"item": "19", "count": 139}, {"item": "13", "count": 135}, {"item": "18", "count": 133}, {"item": "20", "count": 125}, {"item": "24", "count": 124}], "smallest": "-2", "sum": "1072056"}, "format": {"precisionStyle": "standard"}}], "grants": [{"inherited": false, "type": "viewer", "flags": ["public"]}], "license": {"name": "Public Domain"}, "metadata": {"rdfSubject": "0", "rdfClass": "", "custom_fields": {"Department": {"Department": "Seattle Information Technology"}, "Refresh Frequency": {"Frequency": "To Be Determined"}}, "rowIdentifier": "0"}, "owner": {"id": "pfbu-yuv5", "displayName": "Seattle IT", "profileImageUrlLarge": "/api/users/pfbu-yuv5/profile_images/LARGE", "profileImageUrlMedium": "/api/users/pfbu-yuv5/profile_images/THUMB", "profileImageUrlSmall": "/api/users/pfbu-yuv5/profile_images/TINY", "screenName": "Seattle IT", "type": "interactive", "userSegment": "site_member", "flags": ["acceptedEula", "mayBeStoriesCoOwner"]}, "query": {}, "rights": ["read"], "tableAuthor": {"id": "pfbu-yuv5", "displayName": "Seattle IT", "profileImageUrlLarge": "/api/users/pfbu-yuv5/profile_images/LARGE", "profileImageUrlMedium": "/api/users/pfbu-yuv5/profile_images/THUMB", "profileImageUrlSmall": "/api/users/pfbu-yuv5/profile_images/TINY", "screenName": "Seattle IT", "type": "interactive", "userSegment": "site_member", "flags": ["acceptedEula", "mayBeStoriesCoOwner"]}, "tags": ["crime", "violent", "seattle"], "flags": ["default", "restorable", "restorePossibleForType"]}