{"id": "3xqu-vnum", "name": "Seattle Crime Stats by Police Precinct 2008-Present", "attribution": "City of Seattle", "attributionLink": "http://seattle.gov/police/crime/default.htm", "averageRating": 0, "category": "Public Safety", "createdAt": 1259007094, "description": "Seattle Part 1 Crime stats by precinct\r\nThe precinct and beat data can be found at\r\nhttp://data.seattle.gov/Government/Seattle-Police-Department-Beats/nnxn-434b", "displayType": "table", "downloadCount": 7058, "hideFromCatalog": false, "hideFromDataJson": false, "indexUpdatedAt": 1551378740, "licenseId": "PUBLIC_DOMAIN", "newBackend": true, "numberOfComments": 1, "oid": 8477254, "provenance": "official", "publicationAppendEnabled": false, "publicationDate": 1405979011, "publicationGroup": 214850, "publicationStage": "published", "rowClass": "", "rowIdentifierColumnId": 158352473, "rowsUpdatedAt": 1405978948, "rowsUpdatedBy": "pfbu-yuv5", "tableId": 1656807, "totalTimesRated": 0, "viewCount": 37834, "viewLastModified": 1557954957, "viewType": "tabular", "approvals": [{"reviewedAt": 1405979011, "reviewedAutomatically": true, "state": "approved", "submissionId": 330318, "submissionObject": "public_audience_request", "submissionOutcome": "change_audience", "submittedAt": 1405979011, "workflowId": 623, "submissionDetails": {"permissionType": "READ"}, "submissionOutcomeApplication": {"failureCount": 0, "status": "success"}, "submitter": {"id": "pfbu-yuv5", "displayName": "Seattle IT"}}], "columns": [{"id": 158352465, "name": "Police Beat", "dataTypeName": "text", "description": "The police beat for reported crimes.", "fieldName": "police_beat", "position": 2, "renderTypeName": "text", "tableColumnId": 1280803, "width": 116, "cachedContents": {"non_null": 27125, "largest": "W3", "null": "0", "top": [{"item": "W3", "count": "532"}, {"item": "R3", "count": "532"}, {"item": "B2", "count": "532"}, {"item": "G2", "count": "532"}, {"item": "S1", "count": "532"}, {"item": "E2", "count": "532"}, {"item": "J2", "count": "532"}, {"item": "M3", "count": "532"}, {"item": "C2", "count": "532"}, {"item": "W1", "count": "532"}, {"item": "Q2", "count": "532"}, {"item": "O1", "count": "532"}, {"item": "L3", "count": "532"}, {"item": "U1", "count": "532"}, {"item": "Q1", "count": "532"}, {"item": "N3", "count": "532"}, {"item": "F1", "count": "532"}, {"item": "B3", "count": "532"}, {"item": "S2", "count": "532"}, {"item": "N1", "count": "532"}], "smallest": "B1", "not_null": "27125", "cardinality": "51"}, "format": {}}, {"id": 158352467, "name": "CRIME_TYPE", "dataTypeName": "text", "description": "Type 1 Crime committed", "fieldName": "crime_type", "position": 4, "renderTypeName": "text", "tableColumnId": 1280805, "width": 124, "cachedContents": {"non_null": 27125, "largest": "Robbery", "null": "0", "top": [{"item": "Homicide", "count": "3875"}, {"item": "Burglary", "count": "3875"}, {"item": "Assault", "count": "3875"}, {"item": "Robbery", "count": "3875"}, {"item": "Motor Vehicle Theft", "count": "3875"}, {"item": "Rape", "count": "3875"}, {"item": "Larceny-Theft", "count": "3875"}], "smallest": "Assault", "not_null": "27125", "cardinality": "7"}, "format": {}}, {"id": 158352468, "name": "CRIME_DESCRIPTION", "dataTypeName": "text", "description": "Description of the crime type", "fieldName": "crime_description", "position": 5, "renderTypeName": "text", "tableColumnId": 1280806, "width": 360, "cachedContents": {"non_null": 27125, "largest": "Vehicle Theft is theft of a car, truck, motorcycle or any motor vehicle.", "null": "0", "top": [{"item": "Homicide", "count": "3875"}, {"item": "Burglary", "count": "3875"}, {"item": "Assault", "count": "3875"}, {"item": "Robbery", "count": "3875"}, {"item": "Rape", "count": "3875"}, {"item": "Larceny-Theft", "count": "3875"}, {"item": "Vehicle Theft is theft of a car, truck, motorcycle or any motor vehicle.", "count": "3875"}], "smallest": "Assault", "not_null": "27125", "cardinality": "7"}, "format": {}}, {"id": 158352469, "name": "STAT_VALUE", "dataTypeName": "number", "description": "Number of times crime occurred in a beat for reported month", "fieldName": "stat_value", "position": 6, "renderTypeName": "number", "tableColumnId": 1280807, "width": 128, "cachedContents": {"non_null": 27125, "average": "8.416073732718894", "largest": "137", "null": "0", "top": [{"item": "0", "count": "8097"}, {"item": "1", "count": "2514"}, {"item": "2", "count": "1989"}, {"item": "3", "count": "1803"}, {"item": "4", "count": "1480"}, {"item": "5", "count": "1224"}, {"item": "6", "count": "1061"}, {"item": "7", "count": "829"}, {"item": "8", "count": "720"}, {"item": "9", "count": "643"}, {"item": "10", "count": "527"}, {"item": "11", "count": "446"}, {"item": "13", "count": "340"}, {"item": "12", "count": "331"}, {"item": "14", "count": "287"}, {"item": "15", "count": "266"}, {"item": "16", "count": "251"}, {"item": "19", "count": "225"}, {"item": "18", "count": "209"}, {"item": "20", "count": "207"}], "smallest": "-3", "not_null": "27125", "sum": "228286", "cardinality": "123"}, "format": {"precisionStyle": "standard"}}, {"id": 158352470, "name": "REPORT_DATE", "dataTypeName": "calendar_date", "description": "The reported month of the crime.", "fieldName": "report_date", "position": 7, "renderTypeName": "calendar_date", "tableColumnId": 1419258, "width": 131, "cachedContents": {"non_null": 27125, "largest": "2014-04-30T00:00:00.000", "null": "0", "top": [{"item": "2012-09-01T00:00:00.000", "count": "357"}, {"item": "2012-04-01T00:00:00.000", "count": "357"}, {"item": "2012-05-01T00:00:00.000", "count": "357"}, {"item": "2009-11-01T00:00:00.000", "count": "357"}, {"item": "2014-01-30T00:00:00.000", "count": "357"}, {"item": "2011-08-01T00:00:00.000", "count": "357"}, {"item": "2009-06-01T00:00:00.000", "count": "357"}, {"item": "2010-02-01T00:00:00.000", "count": "357"}, {"item": "2013-11-01T00:00:00.000", "count": "357"}, {"item": "2011-03-01T00:00:00.000", "count": "357"}, {"item": "2012-07-01T00:00:00.000", "count": "357"}, {"item": "2010-06-01T00:00:00.000", "count": "357"}, {"item": "2008-07-01T00:00:00.000", "count": "357"}, {"item": "2010-03-01T00:00:00.000", "count": "357"}, {"item": "2011-07-01T00:00:00.000", "count": "357"}, {"item": "2012-01-01T00:00:00.000", "count": "357"}, {"item": "2008-02-01T00:00:00.000", "count": "357"}, {"item": "2012-08-01T00:00:00.000", "count": "357"}, {"item": "2013-05-01T00:00:00.000", "count": "357"}, {"item": "2011-01-01T00:00:00.000", "count": "357"}], "smallest": "2008-01-01T00:00:00.000", "not_null": "27125", "cardinality": "76"}, "format": {"view": "date", "align": "left"}}, {"id": 158352471, "name": "Sector", "dataTypeName": "text", "description": "Police Sector", "fieldName": "sector", "position": 8, "renderTypeName": "text", "tableColumnId": 18597857, "width": 100, "cachedContents": {"non_null": 27125, "largest": "W", "null": "0", "top": [{"item": "O", "count": "1596"}, {"item": "J", "count": "1596"}, {"item": "L", "count": "1596"}, {"item": "C", "count": "1596"}, {"item": "W", "count": "1596"}, {"item": "N", "count": "1596"}, {"item": "R", "count": "1596"}, {"item": "U", "count": "1596"}, {"item": "D", "count": "1596"}, {"item": "Q", "count": "1596"}, {"item": "S", "count": "1596"}, {"item": "M", "count": "1596"}, {"item": "G", "count": "1596"}, {"item": "F", "count": "1596"}, {"item": "K", "count": "1596"}, {"item": "E", "count": "1596"}, {"item": "B", "count": "1589"}], "smallest": "B", "not_null": "27125", "cardinality": "17"}, "format": {}}, {"id": 158352472, "name": "Precinct", "dataTypeName": "text", "description": "Police Precinct", "fieldName": "precinct", "position": 9, "renderTypeName": "text", "tableColumnId": 18597858, "width": 100, "cachedContents": {"non_null": 27125, "largest": "W", "null": "0", "top": [{"item": "N", "count": "7973"}, {"item": "W", "count": "6384"}, {"item": "SE", "count": "4788"}, {"item": "E", "count": "4788"}, {"item": "SW", "count": "3192"}], "smallest": "E", "not_null": "27125", "cardinality": "5"}, "format": {}}, {"id": 158352473, "name": "Row_Value_ID", "dataTypeName": "number", "description": "Unique identifier ", "fieldName": "row_value_id", "position": 10, "renderTypeName": "number", "tableColumnId": 18615212, "width": 100, "cachedContents": {"non_null": 27125, "average": "13805.15845161290", "largest": "27622", "null": "0", "top": [{"item": "21424", "count": "1"}, {"item": "9639", "count": "1"}, {"item": "9540", "count": "1"}, {"item": "26890", "count": "1"}, {"item": "1636", "count": "1"}, {"item": "2331", "count": "1"}, {"item": "22222", "count": "1"}, {"item": "25181", "count": "1"}, {"item": "13095", "count": "1"}, {"item": "13280", "count": "1"}, {"item": "10153", "count": "1"}, {"item": "10569", "count": "1"}, {"item": "27228", "count": "1"}, {"item": "17719", "count": "1"}, {"item": "400", "count": "1"}, {"item": "9359", "count": "1"}, {"item": "23560", "count": "1"}, {"item": "9160", "count": "1"}, {"item": "643", "count": "1"}, {"item": "20848", "count": "1"}], "smallest": "1", "not_null": "27125", "sum": "374464923", "cardinality": "27125"}, "format": {}}], "grants": [{"inherited": false, "type": "viewer", "flags": ["public"]}], "license": {"name": "Public Domain"}, "metadata": {"jsonQuery": {"order": [{"ascending": false, "columnFieldName": "report_date"}]}, "rdfSubject": "0", "rdfClass": "", "custom_fields": {"Department": {"Department": "Seattle Police Department"}, "Refresh Frequency": {"Frequency": "Monthly"}}, "rowIdentifier": 158352473, "availableDisplayTypes": ["table", "fatrow", "page"], "rowLabel": "", "renderTypeConfig": {"visible": {"table": true}}}, "owner": {"id": "dd8b-kzmt", "displayName": "8059 Vonaschen-Cook, Miriam Z.", "screenName": "8059 Vonaschen-Cook, Miriam Z.", "type": "interactive", "userSegment": "site_member"}, "query": {"orderBys": [{"ascending": false, "expression": {"columnId": 158352470, "type": "column"}}]}, "rights": ["read"], "tableAuthor": {"id": "dd8b-kzmt", "displayName": "8059 Vonaschen-Cook, Miriam Z.", "screenName": "8059 Vonaschen-Cook, Miriam Z.", "type": "interactive", "userSegment": "site_member"}, "tags": ["crime", "violent", "seattle", "police"], "flags": ["default", "restorable", "restorePossibleForType"]}